,Names,prices,images
0,,139.00,https://sportscorner.qa/static/version1771839416/frontend/Olegnax/athlete2_child/en_US/Olegnax_Core/images/preloader-img.svg
1,Adidas Adilette Shower Slides for Men,849.00,https://sportscorner.qa/static/version1771839416/frontend/Olegnax/athlete2_child/en_US/Olegnax_Core/images/preloader-img.svg
2,Adidas Copa Mundial Firm Ground Football Shoes for Men,269.00,https://sportscorner.qa/static/version1771839416/frontend/Olegnax/athlete2_child/en_US/Olegnax_Core/images/preloader-img.svg
3,Adidas F50 Club Firm/Multi-Ground Football Shoes for Men,269.00,https://sportscorner.qa/static/version1771839416/frontend/Olegnax/athlete2_child/en_US/Olegnax_Core/images/preloader-img.svg
4,Adidas F50 Club Firm/Multi-Ground Football Shoes for Men,269.00,https://sportscorner.qa/static/version1771839416/frontend/Olegnax/athlete2_child/en_US/Olegnax_Core/images/preloader-img.svg
5,Adidas F50 Club Turf Football Shoes for Men,269.00,https://sportscorner.qa/static/version1771839416/frontend/Olegnax/athlete2_child/en_US/Olegnax_Core/images/preloader-img.svg
6,Adidas F50 Club Turf Football Shoes for Men,269.00,https://sportscorner.qa/static/version1771839416/frontend/Olegnax/athlete2_child/en_US/Olegnax_Core/images/preloader-img.svg
7,Adidas F50 Club Indoor Football Shoes for Men,269.00,https://sportscorner.qa/static/version1771839416/frontend/Olegnax/athlete2_child/en_US/Olegnax_Core/images/preloader-img.svg
8,Adidas Predator Club Indoor Sala Football Shoes for Men,269.00,https://sportscorner.qa/static/version1771839416/frontend/Olegnax/athlete2_child/en_US/Olegnax_Core/images/preloader-img.svg
9,Adidas Predator Club Indoor Sala Football Shoes for Men,269.00,https://sportscorner.qa/static/version1771839416/frontend/Olegnax/athlete2_child/en_US/Olegnax_Core/images/preloader-img.svg
